Day	neg	neu	pos	compound
2021-01-01	0.05239	0.7717533333333341	0.1725133333333334	0.23845199999999972
2021-01-02	0.05741399999999997	0.811156	0.12144600000000003	0.1356244
2021-01-03	0.06324142857142859	0.7838099999999996	0.1486585714285714	0.15242099999999995
2021-01-04	0.061042499999999986	0.8151525	0.1212975	0.16722149999999988
2021-01-05	0.06179000000000002	0.8014283333333321	0.13511833333333334	0.14720483333333326
2021-01-06	0.06136480686695285	0.8051745350500723	0.12773390557939915	0.12305736766809718
2021-01-07	0.06397499999999999	0.8076133333333329	0.12672999999999998	0.10413933333333339
2021-01-08	0.047597499999999994	0.8041550000000001	0.145765	0.17967799999999992
2021-01-09	0.06728571428571428	0.7900971428571425	0.13832571428571427	0.1627671428571428
2021-01-10	0.04990199999999998	0.8091040000000002	0.13899599999999998	0.17564359999999987
2021-01-11	0.06638888888888886	0.8003333333333313	0.13328555555555555	0.13754511111111087
2021-01-12	0.07384500000000001	0.8000950000000006	0.12355500000000003	0.13295324999999997
2021-01-13	0.06536666666666671	0.8173966666666664	0.11726500000000001	0.09989266666666657
2021-01-14	0.06269333333333328	0.8129983333333334	0.12431833333333339	0.13840299999999991
2021-01-15	0.06512833333333333	0.8088550000000002	0.1260283333333332	0.12841633333333335
2021-01-16	0.06476794258373202	0.8159497607655509	0.11451674641148331	0.11986507177033498
2021-01-17	0.06484910485933504	0.802416879795396	0.12889769820971872	0.13249028132992324
2021-01-18	0.07645600000000002	0.7997319999999998	0.12181000000000007	0.10247279999999995
2021-01-19	0.06813714285714284	0.8000042857142856	0.12900142857142846	0.11055171428571405
2021-01-20	0.06516135084427765	0.79834521575985	0.13273170731707312	0.11301838649155713
2021-01-21	0.07182441113490368	0.798601713062098	0.12528265524625265	0.09868179871520348
2021-01-22	0.07837909090909097	0.7917890909090914	0.12800636363636358	0.07449300000000002
2021-01-23	0.06908857142857146	0.7971814285714286	0.12943000000000005	0.1352607142857142
2021-01-24	0.069634	0.8216039999999999	0.10674000000000004	0.12493539999999995
2021-01-27	0.07290169491525425	0.791466101694915	0.1305389830508474	0.1207423728813559
2021-01-28	0.07240901502504173	0.8024757929883138	0.12345909849749583	0.1105719532554256
2021-01-29	0.06803649635036496	0.8081995133819949	0.12376155717761557	0.10893406326034065
2021-01-30	0.05783142857142857	0.8227428571428561	0.11513714285714284	0.11762957142857139
2021-01-31	0.05772000000000001	0.8074280000000003	0.1348379999999999	0.15794679999999983
2021-02-01	0.061537861915367476	0.7963853006681517	0.14095211581291764	0.16005991091314017
2021-02-02	0.05971249999999999	0.8048018750000006	0.13298250000000011	0.13697018750000026
2021-02-03	0.06061174116077382	0.8089359573048694	0.1271247498332221	0.14799039359573088
2021-02-08	0.06575939849624063	0.7964661654135332	0.13777443609022558	0.1311020050125312
2021-02-09	0.06362714285714287	0.8043957142857147	0.1291171428571428	0.15977757142857146
2021-02-10	0.05969250000000002	0.8007724999999993	0.1370125	0.15312724999999994
2021-02-11	0.06235666666666667	0.815561666666666	0.12209833333333324	0.1387216666666666
2021-02-12	0.07565777777777778	0.785776666666667	0.1352133333333333	0.11092677777777771
2021-02-13	0.06700500834724539	0.800504173622705	0.12915859766277138	0.14284156928213684
2021-02-14	0.06711129848229345	0.7988532883642493	0.13068128161888712	0.14121973018549744
2021-02-15	0.06839868204283359	0.8000329489291599	0.12992586490939054	0.14320362438220757
2021-02-16	0.06495142857142859	0.8024485714285707	0.12546285714285715	0.14888499999999982
2021-02-17	0.06163400000000001	0.8216979999999993	0.11667000000000002	0.14029539999999993
2021-02-18	0.06827714285714294	0.7940114285714283	0.13493714285714228	0.12751257142857178
2021-02-19	0.06100499999999998	0.7941124999999997	0.1423975	0.16808100000000004
2021-02-20	0.061870000000000036	0.7666171428571421	0.17007428571428565	0.17376628571428546
2021-02-21	0.06734399999999996	0.7832639999999998	0.14138399999999998	0.14094899999999994
2021-02-22	0.06793333333333333	0.801311111111111	0.1285477777777778	0.12474688888888881
2021-02-23	0.06562142857142858	0.7973914285714281	0.1355614285714285	0.1430959999999999
2021-02-24	0.06655943152454781	0.804449612403101	0.1277105943152455	0.13780671834625302
2021-02-25	0.0631854460093897	0.8100187793427226	0.12209859154929578	0.14141619718309842
2021-02-26	0.07249857142857144	0.8006828571428567	0.12395857142857135	0.10103342857142852
2021-02-27	0.07000400000000004	0.804406	0.12357000000000008	0.11533959999999994
2021-03-02	0.09210999999999998	0.7739899999999998	0.12390999999999998	0.0888
2021-03-03	0.06786000000000003	0.7967549999999995	0.13538333333333344	0.14131466666666667
2021-03-04	0.07444763092269321	0.7877892768079798	0.13526184538653363	0.13263778054862824
2021-03-05	0.08902348993288586	0.7724161073825505	0.1385570469798658	0.12324563758389268
2021-03-07	0.06317410714285712	0.8002455357142856	0.13208482142857145	0.1569285714285714
2021-03-08	0.06966462793068295	0.7885107033639134	0.13774821610601407	0.15504760448521912
2021-03-09	0.06865888888888892	0.7966555555555556	0.13466555555555554	0.12363033333333318
2021-03-10	0.07062583333333336	0.7927683333333325	0.1349383333333332	0.14146291666666655
2021-03-11	0.06333727272727273	0.7950954545454547	0.14158	0.16412227272727273
2021-03-12	0.06767340425531919	0.8029265957446805	0.12834148936170212	0.13910329787234046
2021-03-13	0.06437187230371011	0.7978886971527178	0.13514581535806736	0.1394062122519412
2021-03-14	0.06970499999999996	0.7964020000000003	0.13289799999999988	0.14815619999999982
2021-03-15	0.06914099999999998	0.7987950000000001	0.13106299999999996	0.12241569999999989
2021-03-16	0.06838727272727278	0.790731818181818	0.13541999999999987	0.13495636363636349
2021-03-17	0.0750554545454546	0.8078518181818191	0.11526272727272723	0.0864666363636363
2021-03-27	0.08203	0.8004200000000004	0.11755999999999998	0.14385599999999996
2021-03-28	0.07785333333333336	0.795561666666666	0.12159999999999999	0.12105583333333328
2021-03-29	0.06822000000000002	0.8018633333333337	0.12991500000000003	0.12527000000000002
2021-03-30	0.07190833333333335	0.7932383333333335	0.13485833333333327	0.15722699999999998
2021-03-31	0.07278	0.8141024999999996	0.1106425000000001	0.12179999999999995
2021-04-01	0.07590875000000005	0.7828312500000004	0.13874624999999996	0.1368692499999998
2021-04-02	0.07059600000000005	0.8019540000000001	0.12544400000000006	0.11993299999999997
2021-04-03	0.07942489270386269	0.7826852646638061	0.13644635193133045	0.15084463519313301
2021-04-04	0.07009000000000003	0.7829449999999996	0.14695750000000002	0.18927074999999988
2021-04-05	0.06535000000000002	0.7845833333333326	0.14505999999999994	0.17176299999999997
2021-04-06	0.06314599999999997	0.8044070000000002	0.13144199999999998	0.16207539999999984
2021-04-07	0.07274624999999997	0.8003524999999999	0.12565499999999985	0.12190562499999996
2021-04-08	0.07791616766467067	0.7839610778443102	0.136125748502994	0.13451427145708583
2021-04-09	0.06915831663326656	0.7928627254509014	0.1369769539078156	0.11761422845691376
2021-04-14	0.06047999999999996	0.8108359999999996	0.12267600000000002	0.1448612
2021-04-15	0.0747966666666667	0.7975566666666665	0.1259750000000001	0.10857149999999997
2021-04-16	0.08561750000000004	0.8041124999999998	0.10778999999999997	0.054582999999999986
2021-04-17	0.06902802802802806	0.8023843843843851	0.12757957957957947	0.14038678678678673
2021-04-18	0.07856199999999997	0.7765160000000002	0.14294199999999996	0.08583620000000003
2021-04-19	0.07090857142857142	0.8053428571428561	0.12373857142857148	0.10435614285714286
2021-04-20	0.06029396984924623	0.8032613065326634	0.13392964824120607	0.1555653266331658
2021-04-21	0.06765166666666664	0.8030116666666668	0.12599333333333335	0.1111271666666666
2021-04-22	0.06780285714285718	0.8088499999999991	0.12047714285714282	0.10972728571428542
2021-04-23	0.06175333333333332	0.8048416666666671	0.12838166666666667	0.11613549999999999
2021-04-24	0.07812500000000001	0.7888174999999998	0.12805999999999998	0.09596699999999996
2021-04-25	0.059825714285714246	0.8074842857142862	0.1298314285714285	0.14146214285714273
2021-04-26	0.06099600000000003	0.7990239999999995	0.133976	0.13498399999999994
2021-04-27	0.05718909899888765	0.799822024471633	0.14076529477196886	0.16336662958843154
2021-04-28	0.06941249999999996	0.7699525000000003	0.15310499999999994	0.19942300000000007
2021-04-29	0.07225166666666663	0.8115683333333323	0.11283833333333322	0.12093716666666665
2021-04-30	0.059993333333333336	0.8054099999999995	0.12792999999999996	0.12984916666666665
2021-05-01	0.07389887640449437	0.787621187800963	0.13686837881219902	0.11184269662921341
2021-05-02	0.07797034596375617	0.7941762767710056	0.127846787479407	0.1063611202635914
2021-05-03	0.06531838565022421	0.8020762331838566	0.13110463378176382	0.12529476831091163
2021-05-04	0.07628027681660898	0.7959377162629757	0.1260467128027681	0.09643615916955021
2021-05-05	0.06864790996784566	0.817337620578778	0.10919774919614145	0.11229501607717028
2021-05-06	0.06662	0.8000583333333334	0.13167166666666663	0.12805349999999996
2021-05-07	0.06168999999999999	0.8298975	0.10589250000000006	0.129658
2021-05-08	0.0653657142857143	0.799204571428572	0.13315200000000016	0.1231862857142856
2021-05-09	0.06679360000000001	0.8157728000000005	0.11423520000000004	0.11499471999999991
2021-05-10	0.059356020942408355	0.8188551483420596	0.12179406631762651	0.12668935427574166
2021-05-11	0.05889184060721062	0.8085066413662245	0.12882163187855789	0.15188102466793163
2021-05-12	0.06908833333333335	0.8108099999999999	0.11675833333333334	0.10150850000000008
2021-05-13	0.08370857142857144	0.7879014285714292	0.12266571428571424	0.09640214285714284
2021-05-14	0.07805166666666664	0.8079566666666668	0.11233166666666676	0.06862049999999993
2021-05-15	0.06990476190476191	0.8084486215538845	0.12166917293233077	0.13521253132832084
2021-05-16	0.07946561604584522	0.7842263610315183	0.13343839541547273	0.13709598853868202
2021-05-17	0.07429175050301814	0.7998048289738435	0.125897384305835	0.07204406438631786
2021-05-18	0.061044444444444464	0.7998477777777775	0.13687000000000007	0.13623688888888902
2021-05-19	0.08790500000000004	0.7713824999999995	0.13571499999999997	0.09325349999999999
2021-05-20	0.07156166666666666	0.7993166666666666	0.12410499999999994	0.10532149999999992
2021-05-21	0.08653000000000001	0.7956699999999989	0.11779666666666663	0.06974183333333336
2021-05-22	0.07804166666666668	0.8016583333333329	0.12031666666666668	0.09343216666666666
2021-05-23	0.07497250000000003	0.8007750000000001	0.1192449999999999	0.08928499999999998
2021-05-24	0.08880000000000003	0.7802949999999994	0.1284024999999999	0.05650737500000003
2021-05-25	0.05878703703703701	0.7878888888888885	0.1533194444444444	0.1132995370370371
2021-05-26	0.05742857142857144	0.8117568922305765	0.12579949874686716	0.15005062656641605
2021-05-27	0.06952	0.8289100000000004	0.10160999999999999	0.097901
2021-05-28	0.07751333333333334	0.8129466666666669	0.0995433333333333	0.07372700000000006
2021-05-29	0.08352333333333331	0.7925983333333335	0.12220166666666676	0.0860469999999999
2021-05-30	0.07510333333333331	0.8114033333333333	0.11351333333333341	0.08878700000000002
2021-05-31	0.06226000000000001	0.8108299999999999	0.11692	0.12740200000000002
2021-06-01	0.053598997493734354	0.8176591478696738	0.12624310776942352	0.1216829573934836
2021-06-02	0.07883500000000002	0.8129700000000005	0.10819500000000003	0.09063950000000003
2021-06-03	0.06722199999999995	0.7845939999999997	0.1421719999999999	0.15218799999999985
2021-06-04	0.08891	0.7974899999999998	0.10362000000000003	0.026095000000000007
2021-06-05	0.07911999999999997	0.7797466666666665	0.14112333333333335	0.12385533333333325
2021-06-06	0.07675666666666661	0.7987866666666666	0.1244566666666667	0.1297983333333333
2021-06-07	0.07696666666666668	0.7896700000000004	0.13003666666666666	0.06388066666666664
2021-06-08	0.08780000000000002	0.77922	0.13296999999999998	0.06881899999999999
2021-06-09	0.08434333333333333	0.8035066666666661	0.11048333333333327	0.040263
2021-06-10	0.06906000000000001	0.7989900000000003	0.12693000000000002	0.14114550000000003
2021-06-11	0.0750825	0.8027974999999995	0.1171425	0.09684325000000009
2021-06-12	0.06731	0.7913599999999998	0.13129	0.10435800000000003
2021-06-13	0.08294666666666671	0.80495	0.11210999999999999	0.07326733333333334
2021-06-14	0.07739000000000001	0.8073024999999996	0.11534749999999999	0.07629850000000002
2021-06-15	0.06262000000000001	0.8223066666666665	0.11507333333333337	0.10456833333333337
2021-06-16	0.04108	0.8225400000000005	0.1364	0.151274
2021-06-17	0.07284249999999998	0.8228275000000004	0.1018225	0.057083750000000016
2021-06-18	0.07232500000000003	0.8308550000000001	0.09678500000000008	0.069281
2021-06-19	0.061818571428571424	0.81939	0.11737857142857146	0.11224057142857147
2021-06-20	0.06724999999999999	0.8054000000000002	0.11738000000000001	0.20000199999999999
2021-06-21	0.08151333333333333	0.770803333333333	0.14100000000000004	0.0991213333333334
2021-06-22	0.06999333333333338	0.8119966666666666	0.11468333333333322	0.09372466666666665
2021-06-23	0.06839666666666663	0.7942733333333336	0.13401000000000013	0.12890533333333334
2021-06-24	0.06253125000000002	0.8329687499999997	0.10449374999999997	0.091956875
2021-06-25	0.06639772727272729	0.8120499999999995	0.11017500000000004	0.0988659090909091
2021-06-26	0.08125886524822694	0.7960744680851061	0.11912765957446798	0.07888829787234047
2021-06-27	0.07664779874213835	0.7902264150943398	0.13311320754716977	0.13307704402515708
2021-06-28	0.07829000000000001	0.8100566666666671	0.10829999999999997	0.07627766666666669
2021-06-29	0.06682000000000002	0.81431	0.11885	0.059646000000000005
2021-06-30	0.07077879341864714	0.8068592321755029	0.122347349177331	0.10970383912248627
2021-07-01	0.07331225296442692	0.7897193675889329	0.13696047430830047	0.11464387351778667
2021-07-02	0.06925499999999998	0.7918899999999995	0.13885	0.09409425
2021-07-03	0.08313000000000001	0.79837	0.11848000000000003	0.10105899999999998
2021-07-04	0.07088666666666665	0.7968966666666666	0.12887999999999994	0.12411000000000004
2021-07-05	0.06734249999999997	0.8270525000000006	0.10560750000000008	0.10896750000000002
2021-07-06	0.07232666666666668	0.7999933333333339	0.12435	0.11791733333333336
2021-07-07	0.07575	0.7723600000000002	0.14188999999999996	0.11713099999999999
2021-07-08	0.06600999999999997	0.8189500000000006	0.11255749999999999	0.09712274999999998
2021-07-09	0.053645	0.7944749999999995	0.151905	0.1709515
2021-07-10	0.08718857142857146	0.7954042857142856	0.11455428571428568	0.05942942857142853
2021-07-11	0.06591999999999999	0.7941399999999998	0.13991000000000003	0.14590899999999998
2021-07-12	0.08075666666666668	0.8074166666666668	0.11182000000000002	0.07930700000000006
2021-07-13	0.07685333333333334	0.7981833333333334	0.12493999999999997	0.11518766666666672
2021-07-14	0.06313000000000002	0.7989899999999999	0.1345533333333333	0.1448546666666667
2021-07-15	0.059219999999999995	0.83887	0.10193000000000002	0.13318800000000006
2021-07-16	0.08092200000000004	0.8019480000000001	0.1171259999999999	0.12475759999999993
2021-07-17	0.055629999999999985	0.8322649999999999	0.11211500000000002	0.08671750000000002
2021-07-18	0.06163999999999998	0.7957799999999999	0.140085	0.19188049999999998
2021-07-19	0.08715	0.8183799999999999	0.08447999999999999	0.00411200000000001
2021-07-20	0.07282666666666669	0.7949233333333333	0.1255999999999999	0.08283266666666668
2021-07-21	0.07022999999999999	0.8009780000000001	0.12878800000000004	0.11199320000000003
2021-07-22	0.08974999999999998	0.7831699999999997	0.12710000000000002	0.070356
2021-07-23	0.061720000000000004	0.7950099999999998	0.14330999999999997	0.15359499999999998
2021-07-24	0.06730500000000002	0.7886599999999998	0.1389999999999999	0.11950524999999995
2021-07-25	0.063725	0.8021500000000004	0.13411499999999998	0.15483649999999996
2021-07-26	0.08806400000000002	0.7772159999999997	0.128728	0.08231039999999996
2021-07-27	0.07616000000000002	0.8331599999999998	0.09066	0.08841099999999996
2021-07-28	0.07857000000000004	0.799123333333333	0.11898999999999996	0.06793566666666664
2021-07-29	0.06279000000000001	0.8699733333333334	0.06725333333333337	0.05419333333333336
2021-07-30	0.07182333333333331	0.80574	0.12245	0.09465499999999999
2021-07-31	0.08387999999999998	0.77504	0.14113	0.086357
2021-08-01	0.06484999999999998	0.7961233333333333	0.13071000000000002	0.1388103333333333
